"","TTE","BINARY","COUNT","CONTINUOUS"
"TTE",1,0.982375422462241,0.991569757209569,0.950477482242128
"BINARY",0.982375422462241,1,0.992023829491333,0.99790225082058
"COUNT",0.991569757209569,0.992023829491333,1,0.983426407159067
"CONTINUOUS",0.950477482242128,0.99790225082058,0.983426407159067,1
