"","TTE","BINARY","COUNT","CONTINUOUS"
"TTE",1,-0.996394542708434,-0.992009577122333,0.997771653033219
"BINARY",-0.996394542708434,1,0.996725988430772,-0.999036294966631
"COUNT",-0.992009577122333,0.996725988430772,1,-0.997549946359423
"CONTINUOUS",0.997771653033219,-0.999036294966631,-0.997549946359423,1
