"","TTE","BINARY","COUNT","CONTINUOUS"
"TTE",1,0.998069251853388,0.999553269709037,0.997326745854171
"BINARY",0.998069251853388,1,0.996004992222229,0.999556469370621
"COUNT",0.999553269709037,0.996004992222229,1,0.994965294024371
"CONTINUOUS",0.997326745854171,0.999556469370621,0.994965294024371,1
