"","TTE","BINARY","COUNT","CONTINUOUS"
"TTE",1,0.398519424887096,0.106743537827714,-0.0332003589900634
"BINARY",0.398519424887096,1,0.019058310038992,0.100988057835002
"COUNT",0.106743537827714,0.019058310038992,1,-0.217394390217569
"CONTINUOUS",-0.0332003589900634,0.100988057835002,-0.217394390217569,1
