"","TTE","BINARY","COUNT","CONTINUOUS"
"TTE",1,-0.99815374007862,-0.997594712598466,0.998655036989104
"BINARY",-0.99815374007862,1,0.998683578476938,-0.999021336475098
"COUNT",-0.997594712598466,0.998683578476938,1,-0.998967868555568
"CONTINUOUS",0.998655036989104,-0.999021336475098,-0.998967868555568,1
