"","TTE","BINARY","COUNT","CONTINUOUS"
"TTE",1,0.993042371151157,0.997642495281595,0.985246544719129
"BINARY",0.993042371151157,1,0.984143217854567,0.997432643875339
"COUNT",0.997642495281595,0.984143217854567,1,0.973156093371652
"CONTINUOUS",0.985246544719129,0.997432643875339,0.973156093371652,1
